19,15,0.00,:
19,16,0.0,:
19,17,0.0,:
19,18,860.00,:
19,19,0.0,:
19,20,610.00,:
19,21,1600.00,:
19,22,0.00,:
19,23,0.00,:
19,24,0.00,:
19,25,0.00,:
19,26,0.00,:
19,27,0.00,:
19,28,100.00,:
19,29,800.00,:
19,30,0.0,:
19,31,15670.00,:
19,32,0.0,:
19,33,4130.00,:
19,34,90.00,:
19,35,0.00,:
19,36,40.00,:
19,37,138910.00,:
19,38,260.00,:
19,39,730.00,:
19,40,0.00,:
19,41,9230.00,:
19,42,480.00,:
19,43,790.00,:
19,44,2900.00,:
19,45,109898.56,:
19,46,0.0,:
19,47,3760.00,:
19,48,20.00,:
19,49,350.00,:
19,50,0.00,:
19,51,1130.00,:
19,52,40.00,:
19,53,50.00,:
19,54,0.00,:
19,55,9500.00,:
19,56,190.00,:
19,57,187807.53,:
19,58,7020.00,:
19,59,1200192.03,:
19,60,51340.00,:
19,61,9610.00,:
19,62,0.0,:
19,63,14520.00,:
19,64,340.00,:
19,65,850.00,:
19,66,30.00,:
19,67,110.00,:
19,68,0.00,:
19,69,290.00,:
19,70,20.00,:
19,71,480.00,:
19,72,50.00,:
19,73,1790.00,:
19,74,600.00,:
19,75,711693.12,:
19,76,29450.00,:
19,77,721292.56,:
19,78,30690.00,:
19,79,4060.00,:
19,80,210.00,:
19,81,160.00,:
19,82,30.00,:
19,83,460.00,:
19,84,870.00,:
19,85,940.00,:
19,86,70.00,:
19,87,2240.00,:
19,88,1710.00,:
19,89,2690.00,:
19,90,170.00,:
19,91,3670.00,:
19,92,330.00,:
19,93,1026483.27,:
19,94,47420.00,:
19,95,139347.57,:
19,96,5820.00,:
19,97,1490.00,:
19,98,130.00,:
19,99,1460.00,:
19,100,160.00,:
19,101,3910.00,:
19,102,310.00,:
19,103,51870.00,:
19,104,3240.00,:
19,105,4420.00,:
19,106,370.00,:
19,107,830.00,:
19,108,30.00,:
19,109,1160.00,:
19,110,2310.00,:
19,111,35440.00,:
19,112,1130.00,:
19,113,1430.00,:
19,114,240.00,:
19,115,12290.00,:
19,116,1900.00,:
19,117,517893.21,:
19,118,44890.00,:
19,119,45610.00,:
19,120,3180.00,:
19,121,3920.00,:
19,122,730.00,:
19,123,13320.00,:
19,124,1170.00,:
19,125,410.00,:
19,126,60.00,:
19,127,200.00,:
19,128,100.00,:
19,129,210.00,:
19,130,1110.00,:
19,131,13610.00,:
19,132,27160.00,:
19,133,880281.69,:
19,134,66040.00,:
19,135,95590.00,:
19,136,7040.00,:
19,137,2460.00,:
19,138,640.00,:
19,139,700.00,:
19,140,320.00,:
19,141,13510.00,:
19,142,1260.00,:
19,143,220.00,:
19,144,40.00,:
19,145,420.00,:
19,146,130.00,:
19,147,1020.00,:
19,148,120.00,:
19,149,254563.04,:
19,150,20880.00,:
19,151,49190.00,:
19,152,3680.00,:
19,153,728438.23,:
19,154,57370.00,:
19,155,9220.00,:
19,156,510.00,:
19,157,220.00,:
19,158,20.00,:
19,159,470.00,:
19,160,60.00,:
19,161,4130.00,:
19,162,730.00,:
19,163,298721.47,:
19,164,42480.00,:
19,165,4160.00,:
19,166,380.00,:
19,167,17420.00,:
19,168,1570.00,:
19,169,1463914.51,:
19,170,117976.00,:
19,171,22890.00,:
19,172,1350.00,:
19,173,620.00,:
19,174,250.00,:
19,175,630.00,:
19,176,140.00,:
19,177,700.00,:
19,178,170.00,:
19,179,2130.00,:
19,180,570.00,:
19,181,5340.00,:
19,182,690.00,:
19,183,1100.00,:
19,184,430.00,:
19,185,1419446.42,:
19,186,109550.62,:
19,187,22840.00,:
19,188,1450.00,:
19,189,1030.00,:
19,190,110.00,:
19,191,1260.00,:
19,192,300.00,:
19,193,8100.00,:
19,194,740.00,:
19,195,7780.00,:
19,196,860.00,:
19,197,6010.00,:
19,198,680.00,:
19,199,36350.00,:
19,200,4120.00,:
19,201,660.00,:
19,202,50.00,:
19,203,300.00,:
19,204,50.00,:
19,205,520.00,:
19,206,290.00,:
19,207,2530.00,:
19,208,280.00,:
19,209,151641.52,:
19,210,16640.00,:
19,211,9740.00,:
19,212,980.00,:
19,213,1880.00,:
19,214,120.00,:
19,215,48080.00,:
19,216,5780.00,:
19,217,2630.00,:
19,218,250.00,:
19,219,3250.00,:
19,220,630.00,:
19,221,12160.00,:
19,222,1800.00,:
19,223,990.00,:
19,224,80.00,:
19,225,296199.76,:
19,226,32680.00,:
19,227,12600.00,:
19,228,1060.00,:
19,229,1270.00,:
19,230,120.00,:
19,231,50.00,:
19,232,30.00,:
19,233,3530.00,:
19,234,450.00,:
19,235,200.00,:
19,236,70.00,:
19,237,7350.00,:
19,238,1160.00,:
19,239,4500.00,:
19,240,820.00,:
19,241,112577.12,:
19,242,13330.00,:
19,243,7610.00,:
19,244,720.00,:
19,245,760.00,:
19,246,40.00,:
19,247,110.00,:
19,248,10.00,:
19,249,150.00,:
19,250,50.00,:
19,251,180.00,:
19,252,50.00,:
19,253,370.00,:
19,254,100.00,:
19,255,14920.00,:
19,256,2400.00,:
19,257,480.00,:
19,258,60.00,:
19,259,1240.00,:
19,260,160.00,:
19,261,260.00,:
19,262,60.00,:
19,263,130.00,:
19,264,10.00,:
19,265,350.00,:
19,266,50.00,:
19,267,500.00,:
19,268,100.00,:
19,269,240.00,:
19,270,20.00,:
19,271,400.00,:
19,272,70.00,:
19,273,510.00,:
19,274,120.00,:
19,275,110.00,:
19,276,70.00,:
19,277,140.00,:
19,278,20.00,:
19,279,6050.00,:
19,280,1210.00,:
19,281,1050.00,:
19,282,100.00,:
19,283,390.00,:
19,284,10.00,:
19,285,150.00,:
19,286,0.00,:
19,287,70.00,:
19,288,0.00,:
19,289,470.00,:
19,290,40.00,:
19,291,0.00,:
19,292,0.00,:
19,293,120.00,:
19,294,20.00,:
19,295,3360.00,:
19,296,690.00,:
19,297,250.00,:
19,298,100.00,:
19,299,200.00,:
19,300,10.00,:
19,301,60.00,:
19,302,10.00,:
19,303,270.00,:
19,304,20.00,:
19,305,30.00,:
19,306,0.00,:
19,307,70.00,:
19,308,0.00,:
19,309,30.00,:
19,310,20.00,:
19,311,2250.00,:
19,312,370.00,:
19,313,150.00,:
19,314,30.00,:
19,315,30.00,:
19,316,30.00,:
19,317,50.00,:
19,318,0.00,:
19,319,0.00,:
19,320,0.00,:
19,321,20.00,:
19,322,0.00,:
19,323,40.00,:
19,324,0.00,:
19,325,4450.00,:
19,326,1020.00,:
19,327,180.00,:
19,328,40.00,:
19,329,70.00,:
19,330,50.00,:
19,331,10.00,:
19,332,0.00,:
19,333,160.00,:
19,334,0.00,:
19,335,30.00,:
19,336,0.00,:
19,337,0.00,:
19,338,20.00,:
19,339,0.00,:
19,340,10.00,:
19,341,10.00,:
19,342,0.00,:
19,343,40.00,:
19,344,0.00,:
19,345,50.00,:
19,346,0.00,:
19,347,20.00,:
19,348,40.00,:
19,349,30.00,:
19,350,10.00,:
19,351,10.00,:
19,352,0.00,:
19,353,10.00,:
19,354,0.00,:
19,355,0.00,:
19,356,10.00,:
19,357,30.00,:
19,358,0.00,:
19,359,20.00,:
19,360,10.00,:
19,361,10.00,:
19,362,0.00,:
19,363,100.00,:
19,364,0.00,:
19,365,0.00,:
19,366,0.00,:
19,367,0.00,:
19,368,0.00,:
19,369,20.00,:
19,370,0.00,:
19,371,40.00,:
19,372,0.00,:
19,373,30.00,:
19,374,0.00,:
19,375,0.00,:
19,376,0.00,:
19,377,30.00,:
19,378,20.00,:
19,379,20.00,:
19,380,0.00,:
19,381,0.00,:
19,382,0.00,:
19,383,0.00,:
19,384,10.00,:
19,385,0.00,:
19,386,0.00,:
19,387,0.00,:
19,388,0.00,:
19,389,20.00,:
19,390,0.00,:
19,391,80.00,:
19,392,0.00,:
19,393,0.00,:
19,394,0.00,:
19,395,0.00,:
19,396,0.00,:
19,397,0.00,:
19,398,0.00,:
19,399,0.00,:
19,400,0.00,:
30,15,0.00,:
30,16,0.0,:
30,17,0.0,:
30,18,400.00,:
30,19,0.0,:
30,20,0.00,:
30,21,0.00,:
30,22,0.00,:
30,23,0.00,:
30,24,0.00,:
30,25,0.00,:
30,26,0.00,:
30,27,0.00,:
30,28,70.00,:
30,29,210.00,:
30,30,0.0,:
30,31,140.00,:
30,32,0.0,:
30,33,390.00,:
30,34,20.00,:
30,35,0.00,:
30,36,0.00,:
30,37,340.00,:
30,38,0.00,:
30,39,20.00,:
30,40,10.00,:
30,41,150.00,:
30,42,130.00,:
30,43,5910.00,:
30,44,3600.00,:
30,45,7230.00,:
30,46,0.0,:
30,47,90.00,:
30,48,4610.00,:
30,49,0.00,:
30,50,0.00,:
30,51,150.00,:
30,52,0.00,:
30,53,0.00,:
30,54,30.00,:
30,55,1940.00,:
30,56,60.00,:
30,57,21690.00,:
30,58,1180.00,:
30,59,46400.00,:
30,60,2250.00,:
30,61,14680.00,:
30,62,0.0,:
30,63,1770.00,:
30,64,90.00,:
30,65,20.00,:
30,66,0.00,:
30,67,70.00,:
30,68,10.00,:
30,69,120.00,:
30,70,120.00,:
30,71,210.00,:
30,72,40.00,:
30,73,3170.00,:
30,74,1160.00,:
30,75,1446759.26,:
30,76,60930.00,:
30,77,57640.00,:
30,78,2200.00,:
30,79,740.00,:
30,80,90.00,:
30,81,40.00,:
30,82,70.00,:
30,83,180.00,:
30,84,4080.00,:
30,85,270.00,:
30,86,740.00,:
30,87,1830.00,:
30,88,3160.00,:
30,89,620.00,:
30,90,240.00,:
30,91,714234.70,:
30,92,31810.00,:
30,93,855139.39,:
30,94,37350.00,:
30,95,21370.00,:
30,96,780.00,:
30,97,180.00,:
30,98,60.00,:
30,99,240.00,:
30,100,230.00,:
30,101,4070.00,:
30,102,570.00,:
30,103,6580.00,:
30,104,3120.00,:
30,105,6360.00,:
30,106,1650.00,:
30,107,380.00,:
30,108,110.00,:
30,109,3000.00,:
30,110,1390.00,:
30,111,25740.00,:
30,112,1110.00,:
30,113,9480.00,:
30,114,750.00,:
30,115,12390.00,:
30,116,1000.00,:
30,117,11220.00,:
30,118,730.00,:
30,119,6790.00,:
30,120,1550.00,:
30,121,1790.00,:
30,122,51410.00,:
30,123,4670.00,:
30,124,520.00,:
30,125,260.00,:
30,126,110.00,:
30,127,240.00,:
30,128,270.00,:
30,129,4060.00,:
30,130,2210.00,:
30,131,42740.00,:
30,132,9100.00,:
30,133,109484.66,:
30,134,10160.00,:
30,135,5440.00,:
30,136,980.00,:
30,137,1090.00,:
30,138,540.00,:
30,139,420.00,:
30,140,3090.00,:
30,141,6550.00,:
30,142,530.00,:
30,143,170.00,:
30,144,40.00,:
30,145,180.00,:
30,146,190.00,:
30,147,4040.00,:
30,148,380.00,:
30,149,307663.91,:
30,150,25580.00,:
30,151,314504.97,:
30,152,28490.00,:
30,153,552883.29,:
30,154,43800.00,:
30,155,6530.00,:
30,156,490.00,:
30,157,130.00,:
30,158,160.00,:
30,159,140.00,:
30,160,90.00,:
30,161,1190.00,:
30,162,98860.00,:
30,163,185804.53,:
30,164,24720.00,:
30,165,52960.00,:
30,166,3920.00,:
30,167,105347.44,:
30,168,7720.00,:
30,169,1206127.13,:
30,170,98030.00,:
30,171,17770.00,:
30,172,1400.00,:
30,173,310.00,:
30,174,180.00,:
30,175,1240.00,:
30,176,140.00,:
30,177,330.00,:
30,178,190.00,:
30,179,2180.00,:
30,180,490.00,:
30,181,6840.00,:
30,182,770.00,:
30,183,19610.00,:
30,184,1870.00,:
30,185,1111358.08,:
30,186,89730.00,:
30,187,20690.00,:
30,188,1220.00,:
30,189,1050.00,:
30,190,220.00,:
30,191,690.00,:
30,192,960.00,:
30,193,770.00,:
30,194,320.00,:
30,195,2890.00,:
30,196,240.00,:
30,197,10860.00,:
30,198,1770.00,:
30,199,20180.00,:
30,200,2460.00,:
30,201,330.00,:
30,202,120.00,:
30,203,200.00,:
30,204,50.00,:
30,205,1330.00,:
30,206,190.00,:
30,207,770.00,:
30,208,180.00,:
30,209,10710.00,:
30,210,1130.00,:
30,211,3800.00,:
30,212,440.00,:
30,213,3300.00,:
30,214,2280.00,:
30,215,31280.00,:
30,216,3740.00,:
30,217,1670.00,:
30,218,220.00,:
30,219,640.00,:
30,220,80.00,:
30,221,340.00,:
30,222,190.00,:
30,223,750.00,:
30,224,190.00,:
30,225,230515.66,:
30,226,27340.00,:
30,227,6720.00,:
30,228,910.00,:
30,229,910.00,:
30,230,70.00,:
30,231,30.00,:
30,232,770.00,:
30,233,2410.00,:
30,234,330.00,:
30,235,130.00,:
30,236,60.00,:
30,237,2140.00,:
30,238,220.00,:
30,239,3170.00,:
30,240,480.00,:
30,241,341133.93,:
30,242,41730.00,:
30,243,8100.00,:
30,244,850.00,:
30,245,570.00,:
30,246,30.00,:
30,247,80.00,:
30,248,20.00,:
30,249,90.00,:
30,250,10.00,:
30,251,300.00,:
30,252,50.00,:
30,253,3330.00,:
30,254,420.00,:
30,255,9050.00,:
30,256,1500.00,:
30,257,42840.00,:
30,258,4890.00,:
30,259,1090.00,:
30,260,60.00,:
30,261,180.00,:
30,262,60.00,:
30,263,120.00,:
30,264,30.00,:
30,265,230.00,:
30,266,60.00,:
30,267,560.00,:
30,268,110.00,:
30,269,150.00,:
30,270,20.00,:
30,271,3640.00,:
30,272,600.00,:
30,273,250.00,:
30,274,50.00,:
30,275,130.00,:
30,276,60.00,:
30,277,350.00,:
30,278,120.00,:
30,279,2170.00,:
30,280,500.00,:
30,281,230.00,:
30,282,40.00,:
30,283,280.00,:
30,284,70.00,:
30,285,30.00,:
30,286,70.00,:
30,287,230.00,:
30,288,30.00,:
30,289,470.00,:
30,290,140.00,:
30,291,80.00,:
30,292,30.00,:
30,293,190.00,:
30,294,80.00,:
30,295,540.00,:
30,296,30.00,:
30,297,450.00,:
30,298,80.00,:
30,299,60.00,:
30,300,20.00,:
30,301,80.00,:
30,302,70.00,:
30,303,120.00,:
30,304,60.00,:
30,305,150.00,:
30,306,0.00,:
30,307,0.00,:
30,308,40.00,:
30,309,70.00,:
30,310,0.00,:
30,311,3280.00,:
30,312,610.00,:
30,313,140.00,:
30,314,20.00,:
30,315,10.00,:
30,316,0.00,:
30,317,30.00,:
30,318,30.00,:
30,319,10.00,:
30,320,0.00,:
30,321,30.00,:
30,322,10.00,:
30,323,20.00,:
30,324,0.00,:
30,325,1940.00,:
30,326,500.00,:
30,327,570.00,:
30,328,170.00,:
30,329,50.00,:
30,330,0.00,:
30,331,20.00,:
30,332,0.00,:
30,333,80.00,:
30,334,10.00,:
30,335,20.00,:
30,336,10.00,:
30,337,20.00,:
30,338,0.00,:
30,339,20.00,:
30,340,0.00,:
30,341,0.00,:
30,342,0.00,:
30,343,0.00,:
30,344,0.00,:
30,345,0.00,:
30,346,10.00,:
30,347,50.00,:
30,348,0.00,:
30,349,80.00,:
30,350,0.00,:
30,351,0.00,:
30,352,0.00,:
30,353,0.00,:
30,354,0.00,:
30,355,40.00,:
30,356,0.00,:
30,357,20.00,:
30,358,0.00,:
30,359,10.00,:
30,360,0.00,:
30,361,40.00,:
30,362,10.00,:
30,363,50.00,:
30,364,20.00,:
30,365,0.00,:
30,366,20.00,:
30,367,10.00,:
30,368,0.00,:
30,369,30.00,:
30,370,0.00,:
30,371,0.00,:
30,372,10.00,:
30,373,0.00,:
30,374,0.00,:
30,375,20.00,:
30,376,0.00,:
30,377,0.00,:
30,378,10.00,:
30,379,10.00,:
30,380,0.00,:
30,381,10.00,:
30,382,0.00,:
30,383,0.00,:
30,384,0.00,:
30,385,0.00,:
30,386,0.00,:
30,387,0.00,:
30,388,0.00,:
30,389,20.00,:
30,390,0.00,:
30,391,20.00,:
30,392,0.00,:
30,393,10.00,:
30,394,10.00,:
30,395,0.00,:
30,396,0.00,:
30,397,0.00,:
30,398,0.00,:
30,399,0.00,:
30,400,0.00,:
32,15,30.00,:
32,16,0.0,:
32,17,0.0,:
32,18,690.00,:
32,19,0.0,:
32,20,20.00,:
32,21,10.00,:
32,22,0.00,:
32,23,0.00,:
32,24,0.00,:
32,25,0.00,:
32,26,60.00,:
32,27,0.00,:
32,28,5620.00,:
32,29,390.00,:
32,30,0.0,:
32,31,6740.00,:
32,32,0.0,:
32,33,23240.00,:
32,34,6320.00,:
32,35,120.00,:
32,36,180.00,:
32,37,38340.00,:
32,38,100.00,:
32,39,90.00,:
32,40,30.00,:
32,41,2690.00,:
32,42,880.00,:
32,43,34280.00,:
32,44,355859.22,:
32,45,1018329.94,:
32,46,0.0,:
32,47,4190.00,:
32,48,120.00,:
32,49,440.00,:
32,50,260.00,:
32,51,7970.00,:
32,52,100.00,:
32,53,30.00,:
32,54,60.00,:
32,55,11160.00,:
32,56,11100.00,:
32,57,22250.00,:
32,58,24190.00,:
32,59,570678.54,:
32,60,75460.00,:
32,61,527509.63,:
32,62,0.0,:
32,63,172717.54,:
32,64,5380.00,:
32,65,1090.00,:
32,66,90.00,:
32,67,80.00,:
32,68,60.00,:
32,69,550.00,:
32,70,460.00,:
32,71,510.00,:
32,72,100.00,:
32,73,3500.00,:
32,74,11400.00,:
32,75,87930.00,:
32,76,37740.00,:
32,77,532651.54,:
32,78,28200.00,:
32,79,38820.00,:
32,80,1130.00,:
32,81,480.00,:
32,82,120.00,:
32,83,640.00,:
32,84,80390.00,:
32,85,5950.00,:
32,86,450.00,:
32,87,10100.00,:
32,88,2670.00,:
32,89,6950.00,:
32,90,570.00,:
32,91,5230.00,:
32,92,730.00,:
32,93,1118693.37,:
32,94,50120.00,:
32,95,196575.65,:
32,96,7970.00,:
32,97,2150.00,:
32,98,300.00,:
32,99,380.00,:
32,100,590.00,:
32,101,62520.00,:
32,102,6430.00,:
32,103,152968.35,:
32,104,10600.00,:
32,105,4180.00,:
32,106,430.00,:
32,107,1120.00,:
32,108,290.00,:
32,109,13910.00,:
32,110,2150.00,:
32,111,37410.00,:
32,112,1530.00,:
32,113,4680.00,:
32,114,5050.00,:
32,115,4630.00,:
32,116,1710.00,:
32,117,74570.00,:
32,118,6220.00,:
32,119,122457.48,:
32,120,35780.00,:
32,121,24260.00,:
32,122,11350.00,:
32,123,13880.00,:
32,124,2170.00,:
32,125,4510.00,:
32,126,270.00,:
32,127,220.00,:
32,128,390.00,:
32,129,4990.00,:
32,130,6260.00,:
32,131,5460.00,:
32,132,3910.00,:
32,133,47170.00,:
32,134,10760.00,:
32,135,50700.00,:
32,136,28690.00,:
32,137,6800.00,:
32,138,1100.00,:
32,139,560.00,:
32,140,3750.00,:
32,141,8360.00,:
32,142,730.00,:
32,143,210.00,:
32,144,50.00,:
32,145,650.00,:
32,146,120.00,:
32,147,1140.00,:
32,148,1540.00,:
32,149,12390.00,:
32,150,4540.00,:
32,151,10590.00,:
32,152,5500.00,:
32,153,773754.26,:
32,154,68350.00,:
32,155,11050.00,:
32,156,1000.00,:
32,157,100.00,:
32,158,90.00,:
32,159,390.00,:
32,160,60.00,:
32,161,8300.00,:
32,162,42210.00,:
32,163,193113.57,:
32,164,26080.00,:
32,165,3400.00,:
32,166,2220.00,:
32,167,5060.00,:
32,168,1080.00,:
32,169,1580028.44,:
32,170,128116.43,:
32,171,24590.00,:
32,172,1420.00,:
32,173,210.00,:
32,174,190.00,:
32,175,530.00,:
32,176,260.00,:
32,177,4310.00,:
32,178,460.00,:
32,179,3430.00,:
32,180,710.00,:
32,181,2800.00,:
32,182,580.00,:
32,183,2250.00,:
32,184,1720.00,:
32,185,1432049.26,:
32,186,110282.77,:
32,187,24230.00,:
32,188,1820.00,:
32,189,620.00,:
32,190,260.00,:
32,191,390.00,:
32,192,210.00,:
32,193,7240.00,:
32,194,1200.00,:
32,195,49470.00,:
32,196,4760.00,:
32,197,3070.00,:
32,198,370.00,:
32,199,33150.00,:
32,200,4690.00,:
32,201,670.00,:
32,202,160.00,:
32,203,110.00,:
32,204,50.00,:
32,205,1360.00,:
32,206,720.00,:
32,207,7710.00,:
32,208,910.00,:
32,209,7440.00,:
32,210,640.00,:
32,211,56230.00,:
32,212,6090.00,:
32,213,2250.00,:
32,214,390.00,:
32,215,42120.00,:
32,216,7130.00,:
32,217,2430.00,:
32,218,400.00,:
32,219,380.00,:
32,220,100.00,:
32,221,1020.00,:
32,222,250.00,:
32,223,5720.00,:
32,224,910.00,:
32,225,10990.00,:
32,226,1160.00,:
32,227,31380.00,:
32,228,3370.00,:
32,229,2040.00,:
32,230,240.00,:
32,231,70.00,:
32,232,670.00,:
32,233,2810.00,:
32,234,420.00,:
32,235,240.00,:
32,236,60.00,:
32,237,280.00,:
32,238,150.00,:
32,239,3290.00,:
32,240,580.00,:
32,241,7040.00,:
32,242,840.00,:
32,243,430.00,:
32,244,270.00,:
32,245,530.00,:
32,246,80.00,:
32,247,80.00,:
32,248,20.00,:
32,249,200.00,:
32,250,30.00,:
32,251,80.00,:
32,252,10.00,:
32,253,830.00,:
32,254,150.00,:
32,255,9580.00,:
32,256,1720.00,:
32,257,680.00,:
32,258,120.00,:
32,259,70.00,:
32,260,20.00,:
32,261,170.00,:
32,262,20.00,:
32,263,550.00,:
32,264,140.00,:
32,265,820.00,:
32,266,110.00,:
32,267,210.00,:
32,268,40.00,:
32,269,980.00,:
32,270,120.00,:
32,271,250.00,:
32,272,50.00,:
32,273,80.00,:
32,274,10.00,:
32,275,180.00,:
32,276,10.00,:
32,277,360.00,:
32,278,70.00,:
32,279,1920.00,:
32,280,320.00,:
32,281,730.00,:
32,282,70.00,:
32,283,80.00,:
32,284,10.00,:
32,285,300.00,:
32,286,0.00,:
32,287,110.00,:
32,288,10.00,:
32,289,70.00,:
32,290,20.00,:
32,291,40.00,:
32,292,20.00,:
32,293,0.00,:
32,294,10.00,:
32,295,170.00,:
32,296,90.00,:
32,297,360.00,:
32,298,130.00,:
32,299,80.00,:
32,300,20.00,:
32,301,10.00,:
32,302,60.00,:
32,303,140.00,:
32,304,50.00,:
32,305,10.00,:
32,306,30.00,:
32,307,20.00,:
32,308,0.00,:
32,309,30.00,:
32,310,70.00,:
32,311,40.00,:
32,312,30.00,:
32,313,10.00,:
32,314,10.00,:
32,315,10.00,:
32,316,0.00,:
32,317,10.00,:
32,318,30.00,:
32,319,10.00,:
32,320,0.00,:
32,321,60.00,:
32,322,0.00,:
32,323,30.00,:
32,324,10.00,:
32,325,2170.00,:
32,326,670.00,:
32,327,30.00,:
32,328,20.00,:
32,329,0.00,:
32,330,20.00,:
32,331,0.00,:
32,332,30.00,:
32,333,60.00,:
32,334,10.00,:
32,335,0.00,:
32,336,0.00,:
32,337,0.00,:
32,338,0.00,:
32,339,40.00,:
32,340,10.00,:
32,341,30.00,:
32,342,0.00,:
32,343,0.00,:
32,344,0.00,:
32,345,0.00,:
32,346,0.00,:
32,347,40.00,:
32,348,70.00,:
32,349,70.00,:
32,350,10.00,:
32,351,0.00,:
32,352,20.00,:
32,353,0.00,:
32,354,10.00,:
32,355,20.00,:
32,356,0.00,:
32,357,20.00,:
32,358,40.00,:
32,359,0.00,:
32,360,0.00,:
32,361,20.00,:
32,362,10.00,:
32,363,0.00,:
32,364,0.00,:
32,365,20.00,:
32,366,0.00,:
32,367,0.00,:
32,368,0.00,:
32,369,0.00,:
32,370,10.00,:
32,371,10.00,:
32,372,0.00,:
32,373,0.00,:
32,374,0.00,:
32,375,10.00,:
32,376,0.00,:
32,377,20.00,:
32,378,0.00,:
32,379,0.00,:
32,380,0.00,:
32,381,0.00,:
32,382,10.00,:
32,383,0.00,:
32,384,0.00,:
32,385,0.00,:
32,386,10.00,:
32,387,0.00,:
32,388,0.00,:
32,389,20.00,:
32,390,0.00,:
32,391,20.00,:
32,392,10.00,:
32,393,0.00,:
32,394,0.00,:
32,395,0.00,:
32,396,0.00,:
32,397,0.00,:
32,398,0.00,:
32,399,0.00,:
32,400,0.00,:
,:
SAMPLE phase. (Mass Vs Time) Intensity (no ICF),:
Reagent (amu),Product (amu),1,:
17,15,0.00,:
17,16,0.0,:
17,17,0.0,:
17,18,0.00,:
17,19,0.0,:
17,20,0.00,:
17,21,0.00,:
17,22,0.00,:
17,23,20.00,:
17,24,0.00,:
17,25,0.00,:
17,26,20.00,:
17,27,10.00,:
17,28,0.00,:
17,29,0.00,:
17,30,0.0,:
17,31,130.00,:
17,32,0.0,:
17,33,520.00,:
17,34,10.00,:
17,35,640.00,:
17,36,0.00,:
17,37,20.00,:
17,38,10.00,:
17,39,0.00,:
17,40,20.00,:
17,41,30.00,:
17,42,80.00,:
17,43,1710.00,:
17,44,50.00,:
17,45,390.00,:
17,46,0.0,:
17,47,0.00,:
17,48,0.00,:
17,49,40.00,:
17,50,0.00,:
17,51,20.00,:
17,52,20.00,:
17,53,20.00,:
17,54,0.00,:
17,55,380.00,:
17,56,20.00,:
17,57,830.00,:
17,58,10.00,:
17,59,1830.00,:
17,60,530.00,:
17,61,1230.00,:
17,62,0.0,:
17,63,40.00,:
17,64,0.00,:
17,65,40.00,:
17,66,110.00,:
17,67,40.00,:
17,68,0.00,:
17,69,20.00,:
17,70,0.00,:
17,71,680.00,:
17,72,50.00,:
17,73,4590.00,:
17,74,220.00,:
17,75,69310.00,:
17,76,2340.00,:
17,77,280.00,:
17,78,10.00,:
17,79,10.00,:
17,80,0.00,:
17,81,10.00,:
17,82,0.00,:
17,83,10.00,:
17,84,10.00,:
17,85,40.00,:
17,86,0.00,:
17,87,50.00,:
17,88,0.00,:
17,89,7020.00,:
17,90,170.00,:
17,91,103837.85,:
17,92,3410.00,:
17,93,3600.00,:
17,94,990.00,:
17,95,130.00,:
17,96,0.00,:
17,97,10.00,:
17,98,10.00,:
17,99,20.00,:
17,100,0.00,:
17,101,60.00,:
17,102,10.00,:
17,103,20.00,:
17,104,10.00,:
17,105,30.00,:
17,106,0.00,:
17,107,40.00,:
17,108,280.00,:
17,109,170.00,:
17,110,10.00,:
17,111,180.00,:
17,112,20.00,:
17,113,0.00,:
17,114,0.00,:
17,115,0.00,:
17,116,0.00,:
17,117,30.00,:
17,118,50.00,:
17,119,6340.00,:
17,120,380.00,:
17,121,1840.00,:
17,122,150.00,:
17,123,20.00,:
17,124,750.00,:
17,125,0.00,:
17,126,0.00,:
17,127,40.00,:
17,128,0.00,:
17,129,0.00,:
17,130,0.00,:
17,131,0.00,:
17,132,0.00,:
17,133,250.00,:
17,134,70.00,:
17,135,1860.00,:
17,136,130.00,:
17,137,80.00,:
17,138,20.00,:
17,139,130.00,:
17,140,60.00,:
17,141,0.00,:
17,142,10.00,:
17,143,20.00,:
17,144,0.00,:
17,145,0.00,:
17,146,0.00,:
17,147,70.00,:
17,148,10.00,:
17,149,480.00,:
17,150,60.00,:
17,151,38950.00,:
17,152,2400.00,:
17,153,430.00,:
17,154,50.00,:
17,155,20.00,:
17,156,0.00,:
17,157,40.00,:
17,158,10.00,:
17,159,0.00,:
17,160,0.00,:
17,161,10.00,:
17,162,10.00,:
17,163,720.00,:
17,164,30.00,:
17,165,1530.00,:
17,166,210.00,:
17,167,52750.00,:
17,168,3560.00,:
17,169,640.00,:
17,170,40.00,:
17,171,0.00,:
17,172,10.00,:
17,173,10.00,:
17,174,0.00,:
17,175,0.00,:
17,176,0.00,:
17,177,10.00,:
17,178,10.00,:
17,179,20.00,:
17,180,0.00,:
17,181,4800.00,:
17,182,270.00,:
17,183,117416.37,:
17,184,8530.00,:
17,185,1730.00,:
17,186,360.00,:
17,187,60.00,:
17,188,0.00,:
17,189,10.00,:
17,190,20.00,:
17,191,40.00,:
17,192,0.00,:
17,193,40.00,:
17,194,10.00,:
17,195,30.00,:
17,196,0.00,:
17,197,480.00,:
17,198,20.00,:
17,199,0.00,:
17,200,0.00,:
17,201,0.00,:
17,202,0.00,:
17,203,200.00,:
17,204,20.00,:
17,205,10.00,:
17,206,0.00,:
17,207,10.00,:
17,208,10.00,:
17,209,30.00,:
17,210,0.00,:
17,211,40.00,:
17,212,0.00,:
17,213,2760.00,:
17,214,410.00,:
17,215,40.00,:
17,216,70.00,:
17,217,20.00,:
17,218,0.00,:
17,219,0.00,:
17,220,0.00,:
17,221,30.00,:
17,222,0.00,:
17,223,20.00,:
17,224,0.00,:
17,225,70.00,:
17,226,0.00,:
17,227,210.00,:
17,228,10.00,:
17,229,0.00,:
17,230,0.00,:
17,231,110.00,:
17,232,40.00,:
17,233,10.00,:
17,234,0.00,:
17,235,0.00,:
17,236,0.00,:
17,237,10.00,:
17,238,0.00,:
17,239,50.00,:
17,240,0.00,:
17,241,40.00,:
17,242,10.00,:
17,243,40.00,:
17,244,0.00,:
17,245,10.00,:
17,246,10.00,:
17,247,0.00,:
17,248,0.00,:
17,249,20.00,:
17,250,0.00,:
17,251,10.00,:
17,252,0.00,:
17,253,0.00,:
17,254,10.00,:
17,255,20.00,:
17,256,50.00,:
17,257,10.00,:
17,258,0.00,:
17,259,20.00,:
17,260,0.00,:
17,261,20.00,:
17,262,40.00,:
17,263,20.00,:
17,264,0.00,:
17,265,30.00,:
17,266,0.00,:
17,267,0.00,:
17,268,10.00,:
17,269,0.00,:
17,270,0.00,:
17,271,10.00,:
17,272,0.00,:
17,273,0.00,:
17,274,10.00,:
17,275,450.00,:
17,276,60.00,:
17,277,10.00,:
17,278,0.00,:
17,279,30.00,:
17,280,0.00,:
17,281,0.00,:
17,282,0.00,:
17,283,0.00,:
17,284,10.00,:
17,285,0.00,:
17,286,20.00,:
17,287,10.00,:
17,288,0.00,:
17,289,0.00,:
17,290,0.00,:
17,291,0.00,:
17,292,40.00,:
17,293,30.00,:
17,294,40.00,:
17,295,0.00,:
17,296,0.00,:
17,297,0.00,:
17,298,0.00,:
17,299,0.00,:
17,300,0.00,:
17,301,20.00,:
17,302,0.00,:
17,303,0.00,:
17,304,0.00,:
17,305,0.00,:
17,306,0.00,:
17,307,0.00,:
17,308,0.00,:
17,309,0.00,:
17,310,0.00,:
17,311,10.00,:
17,312,20.00,:
17,313,10.00,:
17,314,20.00,:
17,315,20.00,:
17,316,0.00,:
17,317,20.00,:
17,318,0.00,:
17,319,0.00,:
17,320,20.00,:
17,321,0.00,:
17,322,0.00,:
17,323,0.00,:
17,324,0.00,:
17,325,0.00,:
17,326,0.00,:
17,327,0.00,:
17,328,0.00,:
17,329,0.00,:
17,330,0.00,:
17,331,0.00,:
17,332,0.00,:
17,333,0.00,:
17,334,0.00,:
17,335,0.00,:
17,336,0.00,:
17,337,0.00,:
17,338,0.00,:
17,339,0.00,:
17,340,10.00,:
17,341,0.00,:
17,342,0.00,:
17,343,20.00,:
17,344,0.00,:
17,345,0.00,:
17,346,0.00,:
17,347,10.00,:
17,348,0.00,:
17,349,0.00,:
17,350,0.00,:
17,351,0.00,:
17,352,0.00,:
17,353,0.00,:
17,354,0.00,:
17,355,0.00,:
17,356,0.00,:
17,357,0.00,:
17,358,0.00,:
17,359,0.00,:
17,360,0.00,:
17,361,0.00,:
17,362,0.00,:
17,363,0.00,:
17,364,0.00,:
17,365,40.00,:
17,366,0.00,:
17,367,0.00,:
17,368,0.00,:
17,369,0.00,:
17,370,0.00,:
17,371,10.00,:
17,372,0.00,:
17,373,0.00,:
17,374,0.00,:
17,375,0.00,:
17,376,0.00,:
17,377,0.00,:
17,378,0.00,:
17,379,0.00,:
17,380,0.00,:
17,381,0.00,:
17,382,30.00,:
17,383,10.00,:
17,384,0.00,:
17,385,0.00,:
17,386,10.00,:
17,387,0.00,:
17,388,10.00,:
17,389,0.00,:
17,390,0.00,:
17,391,0.00,:
17,392,0.00,:
17,393,10.00,:
17,394,0.00,:
17,395,0.00,:
17,396,0.00,:
17,397,0.00,:
17,398,0.00,:
17,399,0.00,:
17,400,0.00,:
32,15,20.00,:
32,16,0.0,:
32,17,0.0,:
32,18,0.00,:
32,19,0.0,:
32,20,0.00,:
32,21,0.00,:
32,22,0.00,:
32,23,0.00,:
32,24,0.00,:
32,25,30.00,:
32,26,30.00,:
32,27,0.00,:
32,28,80.00,:
32,29,0.00,:
32,30,0.0,:
32,31,0.00,:
32,32,0.0,:
32,33,130.00,:
32,34,330.00,:
32,35,30.00,:
32,36,0.00,:
32,37,0.00,:
32,38,0.00,:
32,39,10.00,:
32,40,0.00,:
32,41,0.00,:
32,42,40.00,:
32,43,0.00,:
32,44,10.00,:
32,45,200.00,:
32,46,0.0,:
32,47,20.00,:
32,48,0.00,:
32,49,0.00,:
32,50,1210.00,:
32,51,10.00,:
32,52,30.00,:
32,53,0.00,:
32,54,0.00,:
32,55,0.00,:
32,56,10.00,:
32,57,20.00,:
32,58,160.00,:
32,59,680.00,:
32,60,200.00,:
32,61,30.00,:
32,62,0.0,:
32,63,10.00,:
32,64,0.00,:
32,65,0.00,:
32,66,40.00,:
32,67,0.00,:
32,68,20.00,:
32,69,10.00,:
32,70,0.00,:
32,71,360.00,:
32,72,460.00,:
32,73,130.00,:
32,74,10.00,:
32,75,200.00,:
32,76,120.00,:
32,77,0.00,:
32,78,10.00,:
32,79,10.00,:
32,80,0.00,:
32,81,0.00,:
32,82,0.00,:
32,83,10.00,:
32,84,0.00,:
32,85,10.00,:
32,86,20.00,:
32,87,30.00,:
32,88,120.00,:
32,89,370.00,:
32,90,20.00,:
32,91,2110.00,:
32,92,70.00,:
32,93,10.00,:
32,94,10.00,:
32,95,0.00,:
32,96,20.00,:
32,97,0.00,:
32,98,0.00,:
32,99,0.00,:
32,100,10.00,:
32,101,0.00,:
32,102,0.00,:
32,103,10.00,:
32,104,60.00,:
32,105,0.00,:
32,106,230.00,:
32,107,20.00,:
32,108,28150.00,:
32,109,890.00,:
32,110,250.00,:
32,111,20.00,:
32,112,0.00,:
32,113,0.00,:
32,114,0.00,:
32,115,0.00,:
32,116,50.00,:
32,117,0.00,:
32,118,0.00,:
32,119,20.00,:
32,120,10.00,:
32,121,490.00,:
32,122,50.00,:
32,123,1200.00,:
32,124,83910.00,:
32,125,2890.00,:
32,126,880.00,:
32,127,40.00,:
32,128,20.00,:
32,129,20.00,:
32,130,20.00,:
32,131,0.00,:
32,132,0.00,:
32,133,10.00,:
32,134,20.00,:
32,135,150.00,:
32,136,10.00,:
32,137,50.00,:
32,138,30.00,:
32,139,10.00,:
32,140,0.00,:
32,141,0.00,:
32,142,10.00,:
32,143,20.00,:
32,144,20.00,:
32,145,0.00,:
32,146,0.00,:
32,147,0.00,:
32,148,0.00,:
32,149,0.00,:
32,150,10.00,:
32,151,260.00,:
32,152,20.00,:
32,153,0.00,:
32,154,240.00,:
32,155,40.00,:
32,156,0.00,:
32,157,0.00,:
32,158,0.00,:
32,159,0.00,:
32,160,60.00,:
32,161,0.00,:
32,162,50.00,:
32,163,110.00,:
32,164,20.00,:
32,165,130.00,:
32,166,10.00,:
32,167,550.00,:
32,168,40.00,:
32,169,10.00,:
32,170,20.00,:
32,171,0.00,:
32,172,30.00,:
32,173,0.00,:
32,174,0.00,:
32,175,0.00,:
32,176,0.00,:
32,177,0.00,:
32,178,0.00,:
32,179,0.00,:
32,180,50.00,:
32,181,190.00,:
32,182,20.00,:
32,183,1640.00,:
32,184,260.00,:
32,185,50.00,:
32,186,0.00,:
32,187,10.00,:
32,188,0.00,:
32,189,0.00,:
32,190,0.00,:
32,191,0.00,:
32,192,0.00,:
32,193,10.00,:
32,194,0.00,:
32,195,0.00,:
32,196,0.00,:
32,197,40.00,:
32,198,20.00,:
32,199,70.00,:
32,200,100.00,:
32,201,0.00,:
32,202,10.00,:
32,203,0.00,:
32,204,0.00,:
32,205,0.00,:
32,206,0.00,:
32,207,0.00,:
32,208,0.00,:
32,209,0.00,:
32,210,10.00,:
32,211,0.00,:
32,212,0.00,:
32,213,1020.00,:
32,214,70.00,:
32,215,20.00,:
32,216,6470.00,:
32,217,520.00,:
32,218,140.00,:
32,219,40.00,:
32,220,0.00,:
32,221,0.00,:
32,222,0.00,:
32,223,0.00,:
32,224,0.00,:
32,225,0.00,:
32,226,0.00,:
32,227,0.00,:
32,228,0.00,:
32,229,0.00,:
32,230,0.00,:
32,231,40.00,:
32,232,10.00,:
32,233,20.00,:
32,234,0.00,:
32,235,0.00,:
32,236,0.00,:
32,237,0.00,:
32,238,0.00,:
32,239,40.00,:
32,240,10.00,:
32,241,20.00,:
32,242,10.00,:
32,243,0.00,:
32,244,0.00,:
32,245,0.00,:
32,246,0.00,:
32,247,0.00,:
32,248,20.00,:
32,249,0.00,:
32,250,0.00,:
32,251,0.00,:
32,252,0.00,:
32,253,30.00,:
32,254,0.00,:
32,255,0.00,:
32,256,0.00,:
32,257,0.00,:
32,258,0.00,:
32,259,0.00,:
32,260,20.00,:
32,261,0.00,:
32,262,0.00,:
32,263,0.00,:
32,264,0.00,:
32,265,10.00,:
32,266,0.00,:
32,267,0.00,:
32,268,0.00,:
32,269,0.00,:
32,270,30.00,:
32,271,0.00,:
32,272,0.00,:
32,273,10.00,:
32,274,40.00,:
32,275,30.00,:
32,276,20.00,:
32,277,10.00,:
32,278,0.00,:
32,279,0.00,:
32,280,0.00,:
32,281,10.00,:
32,282,0.00,:
32,283,10.00,:
32,284,0.00,:
32,285,30.00,:
32,286,0.00,:
32,287,0.00,:
32,288,10.00,:
32,289,0.00,:
32,290,0.00,:
32,291,0.00,:
32,292,0.00,:
32,293,0.00,:
32,294,0.00,:
32,295,10.00,:
32,296,0.00,:
32,297,10.00,:
32,298,0.00,:
32,299,0.00,:
32,300,0.00,:
32,301,0.00,:
32,302,0.00,:
32,303,0.00,:
32,304,0.00,:
32,305,0.00,:
32,306,0.00,:
32,307,0.00,:
32,308,10.00,:
32,309,0.00,:
32,310,0.00,:
32,311,0.00,:
32,312,0.00,:
32,313,0.00,:
32,314,0.00,:
32,315,0.00,:
32,316,0.00,:
32,317,0.00,:
32,318,0.00,:
32,319,10.00,:
32,320,0.00,:
32,321,0.00,:
32,322,20.00,:
32,323,0.00,:
32,324,0.00,:
32,325,10.00,:
32,326,0.00,:
32,327,20.00,:
32,328,0.00,:
32,329,0.00,:
32,330,0.00,:
32,331,0.00,:
32,332,0.00,:
32,333,0.00,:
32,334,10.00,:
32,335,0.00,:
32,336,0.00,:
32,337,0.00,:
32,338,0.00,:
32,339,0.00,:
32,340,0.00,:
32,341,0.00,:
32,342,0.00,:
32,343,0.00,:
32,344,0.00,:
32,345,0.00,:
32,346,0.00,:
32,347,0.00,:
32,348,0.00,:
32,349,0.00,:
32,350,0.00,:
32,351,20.00,:
32,352,10.00,:
32,353,0.00,:
32,354,0.00,:
32,355,0.00,:
32,356,0.00,:
32,357,20.00,:
32,358,0.00,:
32,359,10.00,:
32,360,0.00,:
32,361,0.00,:
32,362,0.00,:
32,363,0.00,:
32,364,0.00,:
32,365,10.00,:
32,366,10.00,:
32,367,0.00,:
32,368,0.00,:
32,369,10.00,:
32,370,0.00,:
32,371,0.00,:
32,372,0.00,:
32,373,0.00,:
32,374,0.00,:
32,375,0.00,:
32,376,0.00,:
32,377,0.00,:
32,378,0.00,:
32,379,0.00,:
32,380,0.00,:
32,381,10.00,:
32,382,0.00,:
32,383,0.00,:
32,384,0.00,:
32,385,20.00,:
32,386,0.00,:
32,387,0.00,:
32,388,10.00,:
32,389,0.00,:
32,390,0.00,:
32,391,10.00,:
32,392,0.00,:
32,393,0.00,:
32,394,0.00,:
32,395,0.00,:
32,396,0.00,:
32,397,0.00,:
32,398,0.00,:
32,399,0.00,:
32,400,20.00,:
,:
SAMPLE phase. (Mass Vs Time) Intensity (no ICF),:
Reagent (amu),Product (amu),1,:
16,15,0.00,:
16,16,0.0,:
16,17,0.0,:
16,18,0.00,:
16,19,0.0,:
16,20,0.00,:
16,21,20.00,:
16,22,0.00,:
16,23,10.00,:
16,24,0.00,:
16,25,0.00,:
16,26,20.00,:
16,27,0.00,:
16,28,30.00,:
16,29,0.00,:
16,30,0.0,:
16,31,10.00,:
16,32,0.0,:
16,33,20.00,:
16,34,10.00,:
16,35,10.00,:
16,36,10.00,:
16,37,0.00,:
16,38,10.00,:
16,39,10.00,:
16,40,0.00,:
16,41,10.00,:
16,42,0.00,:
16,43,250.00,:
16,44,0.00,:
16,45,130.00,:
16,46,0.0,:
16,47,30.00,:
16,48,100.00,:
16,49,0.00,:
16,50,50.00,:
16,51,0.00,:
16,52,10.00,:
16,53,0.00,:
16,54,0.00,:
16,55,0.00,:
16,56,0.00,:
16,57,10.00,:
16,58,10.00,:
16,59,150.00,:
16,60,70.00,:
16,61,100.00,:
16,62,0.0,:
16,63,0.00,:
16,64,0.00,:
16,65,0.00,:
16,66,0.00,:
16,67,0.00,:
16,68,20.00,:
16,69,0.00,:
16,70,0.00,:
16,71,730.00,:
16,72,60.00,:
16,73,110.00,:
16,74,0.00,:
16,75,3290.00,:
16,76,170.00,:
16,77,0.00,:
16,78,0.00,:
16,79,0.00,:
16,80,0.00,:
16,81,10.00,:
16,82,0.00,:
16,83,0.00,:
16,84,0.00,:
16,85,0.00,:
16,86,0.00,:
16,87,0.00,:
16,88,0.00,:
16,89,60.00,:
16,90,10.00,:
16,91,7250.00,:
16,92,230.00,:
16,93,120.00,:
16,94,20.00,:
16,95,0.00,:
16,96,0.00,:
16,97,0.00,:
16,98,0.00,:
16,99,0.00,:
16,100,0.00,:
16,101,20.00,:
16,102,10.00,:
16,103,0.00,:
16,104,0.00,:
16,105,10.00,:
16,106,0.00,:
16,107,40.00,:
16,108,60.00,:
16,109,60.00,:
16,110,0.00,:
16,111,20.00,:
16,112,0.00,:
16,113,40.00,:
16,114,10.00,:
16,115,0.00,:
16,116,0.00,:
16,117,0.00,:
16,118,0.00,:
16,119,380.00,:
16,120,50.00,:
16,121,90.00,:
16,122,10.00,:
16,123,0.00,:
16,124,100.00,:
16,125,20.00,:
16,126,10.00,:
16,127,0.00,:
16,128,0.00,:
16,129,0.00,:
16,130,0.00,:
16,131,10.00,:
16,132,0.00,:
16,133,10.00,:
16,134,0.00,:
16,135,160.00,:
16,136,20.00,:
16,137,90.00,:
16,138,10.00,:
16,139,0.00,:
16,140,10.00,:
16,141,0.00,:
16,142,0.00,:
16,143,0.00,:
16,144,0.00,:
16,145,0.00,:
16,146,0.00,:
16,147,10.00,:
16,148,0.00,:
16,149,40.00,:
16,150,30.00,:
16,151,2030.00,:
16,152,220.00,:
16,153,10.00,:
16,154,10.00,:
16,155,0.00,:
16,156,0.00,:
16,157,0.00,:
16,158,0.00,:
16,159,30.00,:
16,160,20.00,:
16,161,30.00,:
16,162,10.00,:
16,163,30.00,:
16,164,0.00,:
16,165,40.00,:
16,166,0.00,:
16,167,4200.00,:
16,168,270.00,:
16,169,60.00,:
16,170,0.00,:
16,171,10.00,:
16,172,0.00,:
16,173,0.00,:
16,174,0.00,:
16,175,0.00,:
16,176,0.00,:
16,177,30.00,:
16,178,0.00,:
16,179,20.00,:
16,180,0.00,:
16,181,100.00,:
16,182,0.00,:
16,183,10580.00,:
16,184,810.00,:
16,185,150.00,:
16,186,20.00,:
16,187,0.00,:
16,188,0.00,:
16,189,0.00,:
16,190,0.00,:
16,191,10.00,:
16,192,10.00,:
16,193,0.00,:
16,194,0.00,:
16,195,0.00,:
16,196,0.00,:
16,197,30.00,:
16,198,20.00,:
16,199,0.00,:
16,200,0.00,:
16,201,0.00,:
16,202,10.00,:
16,203,20.00,:
16,204,10.00,:
16,205,30.00,:
16,206,10.00,:
16,207,0.00,:
16,208,0.00,:
16,209,10.00,:
16,210,0.00,:
16,211,0.00,:
16,212,0.00,:
16,213,210.00,:
16,214,20.00,:
16,215,0.00,:
16,216,0.00,:
16,217,10.00,:
16,218,0.00,:
16,219,20.00,:
16,220,10.00,:
16,221,0.00,:
16,222,0.00,:
16,223,20.00,:
16,224,0.00,:
16,225,0.00,:
16,226,20.00,:
16,227,10.00,:
16,228,0.00,:
16,229,20.00,:
16,230,0.00,:
16,231,10.00,:
16,232,0.00,:
16,233,0.00,:
16,234,10.00,:
16,235,0.00,:
16,236,20.00,:
16,237,0.00,:
16,238,0.00,:
16,239,0.00,:
16,240,10.00,:
16,241,0.00,:
16,242,0.00,:
16,243,0.00,:
16,244,0.00,:
16,245,30.00,:
16,246,0.00,:
16,247,0.00,:
16,248,0.00,:
16,249,0.00,:
16,250,0.00,:
16,251,0.00,:
16,252,0.00,:
16,253,0.00,:
16,254,0.00,:
16,255,0.00,:
16,256,20.00,:
16,257,10.00,:
16,258,0.00,:
16,259,0.00,:
16,260,10.00,:
16,261,0.00,:
16,262,0.00,:
16,263,0.00,:
16,264,10.00,:
16,265,0.00,:
16,266,20.00,:
16,267,20.00,:
16,268,10.00,:
16,269,0.00,:
16,270,20.00,:
16,271,0.00,:
16,272,10.00,:
16,273,0.00,:
16,274,0.00,:
16,275,20.00,:
16,276,20.00,:
16,277,10.00,:
16,278,0.00,:
16,279,0.00,:
16,280,30.00,:
16,281,0.00,:
16,282,0.00,:
16,283,10.00,:
16,284,0.00,:
16,285,0.00,:
16,286,10.00,:
16,287,0.00,:
16,288,0.00,:
16,289,0.00,:
16,290,0.00,:
16,291,0.00,:
16,292,0.00,:
16,293,0.00,:
16,294,10.00,:
16,295,0.00,:
16,296,0.00,:
16,297,0.00,:
16,298,0.00,:
16,299,0.00,:
16,300,0.00,:
16,301,0.00,:
16,302,0.00,:
16,303,0.00,:
16,304,0.00,:
16,305,0.00,:
16,306,0.00,:
16,307,0.00,:
16,308,0.00,:
16,309,0.00,:
16,310,0.00,:
16,311,30.00,:
16,312,0.00,:
16,313,0.00,:
16,314,0.00,:
16,315,0.00,:
16,316,0.00,:
16,317,0.00,:
16,318,0.00,:
16,319,0.00,:
16,320,0.00,:
16,321,0.00,:
16,322,0.00,:
16,323,0.00,:
16,324,0.00,:
16,325,0.00,:
16,326,10.00,:
16,327,10.00,:
16,328,0.00,:
16,329,40.00,:
16,330,0.00,:
16,331,0.00,:
16,332,0.00,:
16,333,0.00,:
16,334,0.00,:
16,335,10.00,:
16,336,0.00,:
16,337,10.00,:
16,338,0.00,:
16,339,0.00,:
16,340,0.00,:
16,341,20.00,:
16,342,0.00,:
16,343,10.00,:
16,344,0.00,:
16,345,0.00,:
16,346,10.00,:
16,347,20.00,:
16,348,10.00,:
16,349,0.00,:
16,350,0.00,:
16,351,0.00,:
16,352,0.00,:
16,353,0.00,:
16,354,0.00,:
16,355,10.00,:
16,356,20.00,:
16,357,0.00,:
16,358,0.00,:
16,359,0.00,:
16,360,0.00,:
16,361,0.00,:
16,362,0.00,:
16,363,10.00,:
16,364,0.00,:
16,365,0.00,:
16,366,0.00,:
16,367,0.00,:
16,368,20.00,:
16,369,0.00,:
16,370,0.00,:
16,371,0.00,:
16,372,0.00,:
16,373,0.00,:
16,374,0.00,:
16,375,0.00,:
16,376,0.00,:
16,377,0.00,:
16,378,0.00,:
16,379,0.00,:
16,380,30.00,:
16,381,0.00,:
16,382,0.00,:
16,383,0.00,:
16,384,0.00,:
16,385,0.00,:
16,386,0.00,:
16,387,0.00,:
16,388,0.00,:
16,389,0.00,:
16,390,20.00,:
16,391,0.00,:
16,392,0.00,:
16,393,0.00,:
16,394,0.00,:
16,395,0.00,:
16,396,0.00,:
16,397,0.00,:
16,398,10.00,:
16,399,0.00,:
16,400,0.00,:
46,15,10.00,:
46,16,0.0,:
46,17,0.0,:
46,18,40.00,:
46,19,0.0,:
46,20,20.00,:
46,21,10.00,:
46,22,0.00,:
46,23,10.00,:
46,24,10.00,:
46,25,0.00,:
46,26,60.00,:
46,27,0.00,:
46,28,0.00,:
46,29,0.00,:
46,30,0.0,:
46,31,10.00,:
46,32,0.0,:
46,33,0.00,:
46,34,0.00,:
46,35,10.00,:
46,36,0.00,:
46,37,10.00,:
46,38,0.00,:
46,39,0.00,:
46,40,20.00,:
46,41,0.00,:
46,42,30.00,:
46,43,0.00,:
46,44,10.00,:
46,45,60.00,:
46,46,0.0,:
46,47,610.00,:
46,48,10.00,:
46,49,40.00,:
46,50,10.00,:
46,51,10.00,:
46,52,0.00,:
46,53,10.00,:
46,54,30.00,:
46,55,0.00,:
46,56,0.00,:
46,57,20.00,:
46,58,10.00,:
46,59,20.00,:
46,60,20.00,:
46,61,20.00,:
46,62,0.0,:
46,63,0.00,:
46,64,160.00,:
46,65,0.00,:
46,66,30.00,:
46,67,0.00,:
46,68,0.00,:
46,69,40.00,:
46,70,0.00,:
46,71,0.00,:
46,72,0.00,:
46,73,0.00,:
46,74,0.00,:
46,75,180.00,:
46,76,50.00,:
46,77,10.00,:
46,78,0.00,:
46,79,0.00,:
46,80,30.00,:
46,81,0.00,:
46,82,10.00,:
46,83,0.00,:
46,84,0.00,:
46,85,0.00,:
46,86,0.00,:
46,87,0.00,:
46,88,0.00,:
46,89,170.00,:
46,90,20.00,:
46,91,200.00,:
46,92,10.00,:
46,93,0.00,:
46,94,0.00,:
46,95,0.00,:
46,96,0.00,:
46,97,0.00,:
46,98,10.00,:
46,99,0.00,:
46,100,20.00,:
46,101,0.00,:
46,102,10.00,:
46,103,20.00,:
46,104,20.00,:
46,105,0.00,:
46,106,0.00,:
46,107,0.00,:
46,108,20.00,:
46,109,0.00,:
46,110,0.00,:
46,111,0.00,:
46,112,0.00,:
46,113,0.00,:
46,114,0.00,:
46,115,20.00,:
46,116,30.00,:
46,117,0.00,:
46,118,0.00,:
46,119,10.00,:
46,120,10.00,:
46,121,600.00,:
46,122,8120.00,:
46,123,300.00,:
46,124,50.00,:
46,125,0.00,:
46,126,10.00,:
46,127,0.00,:
46,128,0.00,:
46,129,20.00,:
46,130,10.00,:
46,131,0.00,:
46,132,10.00,:
46,133,20.00,:
46,134,40.00,:
46,135,10.00,:
46,136,50.00,:
46,137,3290.00,:
46,138,83310.00,:
46,139,2990.00,:
46,140,450.00,:
46,141,80.00,:
46,142,10.00,:
46,143,20.00,:
46,144,0.00,:
46,145,20.00,:
46,146,0.00,:
46,147,0.00,:
46,148,20.00,:
46,149,0.00,:
46,150,0.00,:
46,151,100.00,:
46,152,10.00,:
46,153,0.00,:
46,154,0.00,:
46,155,0.00,:
46,156,0.00,:
46,157,0.00,:
46,158,0.00,:
46,159,0.00,:
46,160,10.00,:
46,161,0.00,:
46,162,0.00,:
46,163,0.00,:
46,164,10.00,:
46,165,0.00,:
46,166,10.00,:
46,167,130.00,:
46,168,480.00,:
46,169,30.00,:
46,170,0.00,:
46,171,0.00,:
46,172,0.00,:
46,173,0.00,:
46,174,20.00,:
46,175,0.00,:
46,176,40.00,:
46,177,10.00,:
46,178,0.00,:
46,179,20.00,:
46,180,10.00,:
46,181,40.00,:
46,182,0.00,:
46,183,300.00,:
46,184,20.00,:
46,185,0.00,:
46,186,10.00,:
46,187,0.00,:
46,188,10.00,:
46,189,0.00,:
46,190,20.00,:
46,191,10.00,:
46,192,0.00,:
46,193,0.00,:
46,194,20.00,:
46,195,10.00,:
46,196,0.00,:
46,197,30.00,:
46,198,10.00,:
46,199,0.00,:
46,200,0.00,:
46,201,0.00,:
46,202,0.00,:
46,203,10.00,:
46,204,10.00,:
46,205,0.00,:
46,206,0.00,:
46,207,0.00,:
46,208,0.00,:
46,209,10.00,:
46,210,0.00,:
46,211,0.00,:
46,212,0.00,:
46,213,970.00,:
46,214,130.00,:
46,215,10.00,:
46,216,0.00,:
46,217,0.00,:
46,218,0.00,:
46,219,0.00,:
46,220,0.00,:
46,221,0.00,:
46,222,0.00,:
46,223,10.00,:
46,224,0.00,:
46,225,20.00,:
46,226,10.00,:
46,227,0.00,:
46,228,0.00,:
46,229,0.00,:
46,230,100.00,:
46,231,10.00,:
46,232,0.00,:
46,233,0.00,:
46,234,0.00,:
46,235,0.00,:
46,236,0.00,:
46,237,0.00,:
46,238,10.00,:
46,239,10.00,:
46,240,20.00,:
46,241,0.00,:
46,242,40.00,:
46,243,0.00,:
46,244,0.00,:
46,245,0.00,:
46,246,0.00,:
46,247,0.00,:
46,248,10.00,:
46,249,0.00,:
46,250,0.00,:
46,251,0.00,:
46,252,0.00,:
46,253,0.00,:
46,254,10.00,:
46,255,0.00,:
46,256,0.00,:
46,257,0.00,:
46,258,0.00,:
46,259,10.00,:
46,260,0.00,:
46,261,0.00,:
46,262,0.00,:
46,263,30.00,:
46,264,0.00,:
46,265,0.00,:
46,266,0.00,:
46,267,0.00,:
46,268,10.00,:
46,269,0.00,:
46,270,0.00,:
46,271,0.00,:
46,272,0.00,:
46,273,20.00,:
46,274,0.00,:
46,275,0.00,:
46,276,0.00,:
46,277,0.00,:
46,278,0.00,:
46,279,0.00,:
46,280,0.00,:
46,281,0.00,:
46,282,0.00,:
46,283,0.00,:
46,284,0.00,:
46,285,0.00,:
46,286,0.00,:
46,287,0.00,:
46,288,0.00,:
46,289,20.00,:
46,290,0.00,:
46,291,0.00,:
46,292,0.00,:
46,293,0.00,:
46,294,0.00,:
46,295,10.00,:
46,296,10.00,:
46,297,0.00,:
46,298,20.00,:
46,299,0.00,:
46,300,0.00,:
46,301,0.00,:
46,302,0.00,:
46,303,10.00,:
46,304,0.00,:
46,305,0.00,:
46,306,0.00,:
46,307,0.00,:
46,308,0.00,:
46,309,0.00,:
46,310,0.00,:
46,311,20.00,:
46,312,0.00,:
46,313,10.00,:
46,314,20.00,:
46,315,20.00,:
46,316,10.00,:
46,317,10.00,:
46,318,0.00,:
46,319,10.00,:
46,320,0.00,:
46,321,0.00,:
46,322,0.00,:
46,323,0.00,:
46,324,0.00,:
46,325,0.00,:
46,326,0.00,:
46,327,0.00,:
46,328,0.00,:
46,329,0.00,:
46,330,0.00,:
46,331,0.00,:
46,332,0.00,:
46,333,0.00,:
46,334,10.00,:
46,335,10.00,:
46,336,0.00,:
46,337,0.00,:
46,338,10.00,:
46,339,10.00,:
46,340,0.00,:
46,341,0.00,:
46,342,10.00,:
46,343,0.00,:
46,344,0.00,:
46,345,0.00,:
46,346,20.00,:
46,347,0.00,:
46,348,0.00,:
46,349,10.00,:
46,350,10.00,:
46,351,0.00,:
46,352,0.00,:
46,353,0.00,:
46,354,30.00,:
46,355,10.00,:
46,356,0.00,:
46,357,0.00,:
46,358,0.00,:
46,359,0.00,:
46,360,0.00,:
46,361,0.00,:
46,362,0.00,:
46,363,30.00,:
46,364,0.00,:
46,365,10.00,:
46,366,10.00,:
46,367,10.00,:
46,368,10.00,:
46,369,10.00,:
46,370,0.00,:
46,371,0.00,:
46,372,0.00,:
46,373,0.00,:
46,374,0.00,:
46,375,10.00,:
46,376,0.00,:
46,377,0.00,:
46,378,0.00,:
46,379,0.00,:
46,380,0.00,:
46,381,0.00,:
46,382,0.00,:
46,383,0.00,:
46,384,0.00,:
46,385,0.00,:
46,386,0.00,:
46,387,0.00,:
46,388,0.00,:
46,389,0.00,:
46,390,10.00,:
46,391,10.00,:
46,392,20.00,:
46,393,0.00,:
46,394,0.00,:
46,395,30.00,:
46,396,0.00,:
46,397,0.00,:
46,398,10.00,:
46,399,0.00,:
46,400,0.00,:
62,15,0.00,:
62,16,0.0,:
62,17,0.0,:
62,18,30.00,:
62,19,0.0,:
62,20,0.00,:
62,21,0.00,:
62,22,0.00,:
62,23,0.00,:
62,24,40.00,:
62,25,0.00,:
62,26,10.00,:
62,27,10.00,:
62,28,0.00,:
62,29,30.00,:
62,30,0.0,:
62,31,10.00,:
62,32,0.0,:
62,33,10.00,:
62,34,0.00,:
62,35,40.00,:
62,36,0.00,:
62,37,10.00,:
62,38,0.00,:
62,39,0.00,:
62,40,20.00,:
62,41,0.00,:
62,42,0.00,:
62,43,0.00,:
62,44,0.00,:
62,45,10.00,:
62,46,0.0,:
62,47,0.00,:
62,48,0.00,:
62,49,0.00,:
62,50,0.00,:
62,51,0.00,:
62,52,0.00,:
62,53,0.00,:
62,54,20.00,:
62,55,0.00,:
62,56,0.00,:
62,57,0.00,:
62,58,0.00,:
62,59,0.00,:
62,60,0.00,:
62,61,0.00,:
62,62,0.0,:
62,63,110.00,:
62,64,20.00,:
62,65,0.00,:
62,66,0.00,:
62,67,0.00,:
62,68,10.00,:
62,69,0.00,:
62,70,0.00,:
62,71,0.00,:
62,72,0.00,:
62,73,0.00,:
62,74,0.00,:
62,75,0.00,:
62,76,0.00,:
62,77,10.00,:
62,78,0.00,:
62,79,0.00,:
62,80,0.00,:
62,81,10.00,:
62,82,0.00,:
62,83,10.00,:
62,84,10.00,:
62,85,0.00,:
62,86,0.00,:
62,87,0.00,:
62,88,10.00,:
62,89,0.00,:
62,90,10.00,:
62,91,30.00,:
62,92,0.00,:
62,93,0.00,:
62,94,0.00,:
62,95,0.00,:
62,96,20.00,:
62,97,0.00,:
62,98,10.00,:
62,99,0.00,:
62,100,0.00,:
62,101,0.00,:
62,102,0.00,:
62,103,0.00,:
62,104,0.00,:
62,105,10.00,:
62,106,0.00,:
62,107,0.00,:
62,108,0.00,:
62,109,0.00,:
62,110,0.00,:
62,111,0.00,:
62,112,0.00,:
62,113,0.00,:
62,114,0.00,:
62,115,0.00,:
62,116,0.00,:
62,117,0.00,:
62,118,0.00,:
62,119,0.00,:
62,120,20.00,:
62,121,0.00,:
62,122,30.00,:
62,123,0.00,:
62,124,80.00,:
62,125,0.00,:
62,126,20.00,:
62,127,10.00,:
62,128,0.00,:
62,129,0.00,:
62,130,0.00,:
62,131,0.00,:
62,132,0.00,:
62,133,0.00,:
62,134,0.00,:
62,135,0.00,:
62,136,0.00,:
62,137,20.00,:
62,138,540.00,:
62,139,0.00,:
62,140,10.00,:
62,141,0.00,:
62,142,0.00,:
62,143,0.00,:
62,144,0.00,:
62,145,0.00,:
62,146,0.00,:
62,147,0.00,:
62,148,10.00,:
62,149,30.00,:
62,150,0.00,:
62,151,0.00,:
62,152,10.00,:
62,153,0.00,:
62,154,4410.00,:
62,155,70.00,:
62,156,40.00,:
62,157,10.00,:
62,158,0.00,:
62,159,0.00,:
62,160,10.00,:
62,161,0.00,:
62,162,0.00,:
62,163,0.00,:
62,164,0.00,:
62,165,0.00,:
62,166,0.00,:
62,167,0.00,:
62,168,0.00,:
62,169,0.00,:
62,170,10.00,:
62,171,0.00,:
62,172,0.00,:
62,173,0.00,:
62,174,0.00,:
62,175,0.00,:
62,176,0.00,:
62,177,0.00,:
62,178,0.00,:
62,179,20.00,:
62,180,10.00,:
62,181,0.00,:
62,182,10.00,:
62,183,20.00,:
62,184,20.00,:
62,185,0.00,:
62,186,0.00,:
62,187,10.00,:
62,188,0.00,:
62,189,0.00,:
62,190,0.00,:
62,191,10.00,:
62,192,20.00,:
62,193,0.00,:
62,194,0.00,:
62,195,0.00,:
62,196,10.00,:
62,197,0.00,:
62,198,0.00,:
62,199,0.00,:
62,200,0.00,:
62,201,20.00,:
62,202,20.00,:
62,203,0.00,:
62,204,0.00,:
62,205,20.00,:
62,206,0.00,:
62,207,0.00,:
62,208,0.00,:
62,209,0.00,:
62,210,0.00,:
62,211,0.00,:
62,212,0.00,:
62,213,0.00,:
62,214,0.00,:
62,215,0.00,:
62,216,0.00,:
62,217,0.00,:
62,218,0.00,:
62,219,0.00,:
62,220,0.00,:
62,221,20.00,:
62,222,0.00,:
62,223,0.00,:
62,224,10.00,:
62,225,0.00,:
62,226,0.00,:
62,227,0.00,:
62,228,10.00,:
62,229,0.00,:
62,230,0.00,:
62,231,0.00,:
62,232,0.00,:
62,233,10.00,:
62,234,0.00,:
62,235,0.00,:
62,236,0.00,:
62,237,0.00,:
62,238,0.00,:
62,239,0.00,:
62,240,0.00,:
62,241,0.00,:
62,242,0.00,:
62,243,0.00,:
62,244,0.00,:
62,245,0.00,:
62,246,10.00,:
62,247,10.00,:
62,248,0.00,:
62,249,0.00,:
62,250,0.00,:
62,251,0.00,:
62,252,0.00,:
62,253,0.00,:
62,254,0.00,:
62,255,20.00,:
62,256,0.00,:
62,257,0.00,:
62,258,0.00,:
62,259,10.00,:
62,260,0.00,:
62,261,0.00,:
62,262,10.00,:
62,263,0.00,:
62,264,0.00,:
62,265,0.00,:
62,266,10.00,:
62,267,0.00,:
62,268,0.00,:
62,269,0.00,:
62,270,0.00,:
62,271,0.00,:
62,272,0.00,:
62,273,0.00,:
62,274,20.00,:
62,275,0.00,:
62,276,0.00,:
62,277,0.00,:
62,278,0.00,:
62,279,0.00,:
62,280,0.00,:
62,281,0.00,:
62,282,0.00,:
62,283,10.00,:
62,284,0.00,:
62,285,0.00,:
62,286,0.00,:
62,287,10.00,:
62,288,0.00,:
62,289,0.00,:
62,290,0.00,:
62,291,0.00,:
62,292,0.00,:
62,293,0.00,:
62,294,0.00,:
62,295,10.00,:
62,296,20.00,:
62,297,0.00,:
62,298,20.00,:
62,299,0.00,:
62,300,0.00,:
62,301,0.00,:
62,302,0.00,:
62,303,0.00,:
62,304,0.00,:
62,305,30.00,:
62,306,0.00,:
62,307,0.00,:
62,308,0.00,:
62,309,0.00,:
62,310,0.00,:
62,311,0.00,:
62,312,10.00,:
62,313,10.00,:
62,314,0.00,:
62,315,0.00,:
62,316,0.00,:
62,317,10.00,:
62,318,0.00,:
62,319,0.00,:
62,320,0.00,:
62,321,0.00,:
62,322,0.00,:
62,323,10.00,:
62,324,0.00,:
62,325,0.00,:
62,326,0.00,:
62,327,0.00,:
62,328,20.00,:
62,329,0.00,:
62,330,10.00,:
62,331,0.00,:
62,332,10.00,:
62,333,10.00,:
62,334,0.00,:
62,335,0.00,:
62,336,10.00,:
62,337,0.00,:
62,338,20.00,:
62,339,0.00,:
62,340,0.00,:
62,341,0.00,:
62,342,40.00,:
62,343,20.00,:
62,344,0.00,:
62,345,0.00,:
62,346,0.00,:
62,347,0.00,:
62,348,10.00,:
62,349,0.00,:
62,350,0.00,:
62,351,0.00,:
62,352,20.00,:
62,353,0.00,:
62,354,0.00,:
62,355,20.00,:
62,356,0.00,:
62,357,10.00,:
62,358,0.00,:
62,359,0.00,:
62,360,0.00,:
62,361,0.00,:
62,362,0.00,:
62,363,0.00,:
62,364,0.00,:
62,365,0.00,:
62,366,0.00,:
62,367,0.00,:
62,368,0.00,:
62,369,0.00,:
62,370,0.00,:
62,371,0.00,:
62,372,0.00,:
62,373,0.00,:
62,374,0.00,:
62,375,0.00,:
62,376,0.00,:
62,377,0.00,:
62,378,0.00,:
62,379,0.00,:
62,380,0.00,:
62,381,0.00,:
62,382,0.00,:
62,383,0.00,:
62,384,0.00,:
62,385,0.00,:
62,386,0.00,:
62,387,10.00,:
62,388,10.00,:
62,389,0.00,:
62,390,0.00,:
62,391,0.00,:
62,392,0.00,:
62,393,0.00,:
62,394,0.00,:
62,395,0.00,:
62,396,10.00,:
62,397,0.00,:
62,398,0.00,:
62,399,0.00,:
62,400,20.00,:
,:
